cellid,COSMIC.identifier,body system,solidity
UACC-812,910910,Breast,Solid
EVSA-T,906862,Breast,Solid
CAL-51,910927,Breast,Solid
BT-20,906801,Breast,Solid
BT-483,949093,Breast,Solid
CAMA-1,946382,Breast,Solid
BT-474,946359,Breast,Solid
HCC1143,749710,Breast,Solid
HCC1187,749711,Breast,Solid
HCC2157,749715,Breast,Solid
HCC1954,749709,Breast,Solid
MRK-nu-1,908151,Breast,Solid
MCF7,905946,Breast,Solid
NA,NA,Breast,Solid
EFM-192A,1290798,Breast,Solid
DU-4475,906844,Breast,Solid
MDA-MB-468,908123,Breast,Solid
HCC2218,749716,Breast,Solid
T47D,905945,Breast,Solid
MDA-MB-415,924240,Breast,Solid
CAL-148,924106,Breast,Solid
COLO-824,906812,Breast,Solid
HCC70,907048,Breast,Solid
HCC1569,907046,Breast,Solid
OCUB-M,909256,Breast,Solid
EFM-19,906851,Breast,Solid
HARA,1240142,Breast,Solid
CAL-85-1,910852,Breast,Solid
HCC1937,749714,Breast,Solid
MDA-MB-330,1330941,Breast,Solid
HDQ-P1,1290922,Breast,Solid
HCC1806,907047,Breast,Solid
HCC1428,1290905,Breast,Solid
HCC38,749717,Breast,Solid
MDA-MB-436,1240172,Breast,Solid
HCC1599,749713,Breast,Solid
HCC1395,749712,Breast,Solid
JIMT-1,1298157,Breast,Solid
CAL-120,906826,Breast,Solid
Hs-578-T,905957,Breast,Solid
HCC1419,907045,Breast,Solid
HCC202,1290906,Breast,Solid
HCC1500,1303900,Breast,Solid
MDA-MB-231,905960,Breast,Solid
MDA-MB-157,925338,Breast,Solid
MFM-223,910948,Breast,Solid
MDA-MB-361,908121,Breast,Solid
UACC-893,909778,Breast,Solid
BT-549,905951,Breast,Solid
AU565,910704,Breast,Solid
ZR-75-30,909907,Breast,Solid
MDA-MB-453,908122,Breast,Solid
MDA-MB-175-VII,908120,Breast,Solid
YMB-1-E,1303911,Breast,Solid
NA,NA,Breast,Solid
SF539,905984,CNS,Solid
KINGS-1,907279,CNS,Solid
U-118-MG,687588,CNS,Solid
D-247MG,946367,CNS,Solid
Becker,906746,CNS,Solid
YKG-1,687592,CNS,Solid
PFSK-1,683667,CNS,Solid
LN-18,1240168,CNS,Solid
D-502MG,946373,CNS,Solid
KS-1,907313,CNS,Solid
SK-MG-1,909729,CNS,Solid
D-542MG,753549,CNS,Solid
LNZTA3WT4,1240170,CNS,Solid
H4,907042,CNS,Solid
MOG-G-CCM,908144,CNS,Solid
Daoy,906833,CNS,Solid
D-283MED,906834,CNS,Solid
8-MG-BA,687562,CNS,Solid
KALS-1,907271,CNS,Solid
KNS-81-FD,924188,CNS,Solid
U251,905983,CNS,Solid
T98G,687586,CNS,Solid
CCF-STTG1,906823,CNS,Solid
D-392MG,946370,CNS,Solid
YH-13,909905,CNS,Solid
GAMG,906868,CNS,Solid
SF268,905986,CNS,Solid
A172,687563,CNS,Solid
U-87-MG,687590,CNS,Solid
no-10,908452,CNS,Solid
GB-1,687568,CNS,Solid
Hs683,1240150,CNS,Solid
SF126,909712,CNS,Solid
DBTRG-05MG,906835,CNS,Solid
D-423MG,946372,CNS,Solid
M059J,949094,CNS,Solid
D-566MG,946377,CNS,Solid
MOG-G-UVW,908145,CNS,Solid
NMC-G1,908449,CNS,Solid
GMS-10,906873,CNS,Solid
DK-MG,906839,CNS,Solid
SW1783,909750,CNS,Solid
SF295,905985,CNS,Solid
LN-405,910694,CNS,Solid
D-263MG,946368,CNS,Solid
ONS-76,909248,CNS,Solid
42-MG-BA,687561,CNS,Solid
AM-38,910933,CNS,Solid
D-336MG,946369,CNS,Solid
KNS-42,907282,CNS,Solid
CAS-1,910943,CNS,Solid
LN-229,1240169,CNS,Solid
SW1088,909745,CNS,Solid
no-11,908450,CNS,Solid
SNB75,905982,CNS,Solid
GI-1,906871,CNS,Solid
NA,NA,CNS,Solid
NA,NA,CNS,Solid
HuCCT1,907069,Digestive/Gastrointestinal,Solid
TGBC24TKB,910695,Digestive/Gastrointestinal,Solid
TGBC1TKB,909769,Digestive/Gastrointestinal,Solid
ETK-1,906861,Digestive/Gastrointestinal,Solid
EGI-1,906853,Digestive/Gastrointestinal,Solid
NA,NA,Digestive/Gastrointestinal,Solid
OACp4C,1503362,Digestive/Gastrointestinal,Solid
EMC-BAC-2,1503370,Digestive/Gastrointestinal,Solid
EMC-BAC-1,1503369,Digestive/Gastrointestinal,Solid
SK-GT-2,1503364,Digestive/Gastrointestinal,Solid
OACM5-1,1503363,Digestive/Gastrointestinal,Solid
NA,NA,Digestive/Gastrointestinal,Solid
SNU-61,1660035,Digestive/Gastrointestinal,Solid
MDST8,1240173,Digestive/Gastrointestinal,Solid
CaR-1,924108,Digestive/Gastrointestinal,Solid
NCI-H747,908457,Digestive/Gastrointestinal,Solid
COLO-320-HSR,910569,Digestive/Gastrointestinal,Solid
SK-CO-1,909718,Digestive/Gastrointestinal,Solid
SNU-C5,1674021,Digestive/Gastrointestinal,Solid
RCM-1,909263,Digestive/Gastrointestinal,Solid
CL-40,1240124,Digestive/Gastrointestinal,Solid
LS-411N,907794,Digestive/Gastrointestinal,Solid
RKO,909698,Digestive/Gastrointestinal,Solid
LS-513,907795,Digestive/Gastrointestinal,Solid
HT55,907287,Digestive/Gastrointestinal,Solid
NA,NA,Digestive/Gastrointestinal,Solid
SW837,909755,Digestive/Gastrointestinal,Solid
SW1116,909746,Digestive/Gastrointestinal,Solid
SNU-C2B,909740,Digestive/Gastrointestinal,Solid
C2BBe1,910700,Digestive/Gastrointestinal,Solid
LS-180,998189,Digestive/Gastrointestinal,Solid
HCT-15,905937,Digestive/Gastrointestinal,Solid
LoVo,907790,Digestive/Gastrointestinal,Solid
SW1463,909748,Digestive/Gastrointestinal,Solid
SW620,905962,Digestive/Gastrointestinal,Solid
SNU-81,1660036,Digestive/Gastrointestinal,Solid
NCI-H630,908482,Digestive/Gastrointestinal,Solid
LS-123,907792,Digestive/Gastrointestinal,Solid
SW48,909751,Digestive/Gastrointestinal,Solid
SW1417,909747,Digestive/Gastrointestinal,Solid
HT-115,907289,Digestive/Gastrointestinal,Solid
SNU-407,1660034,Digestive/Gastrointestinal,Solid
LS-1034,917486,Digestive/Gastrointestinal,Solid
COLO-320-HSR,910569,Digestive/Gastrointestinal,Solid
COLO-205,905961,Digestive/Gastrointestinal,Solid
T84,909761,Digestive/Gastrointestinal,Solid
CW-2,910554,Digestive/Gastrointestinal,Solid
CL-34,1290771,Digestive/Gastrointestinal,Solid
SNU-C1,910905,Digestive/Gastrointestinal,Solid
KM12,905989,Digestive/Gastrointestinal,Solid
NCI-H716,908458,Digestive/Gastrointestinal,Solid
DIFI,1789883,Digestive/Gastrointestinal,Solid
SNU-175,1659928,Digestive/Gastrointestinal,Solid
SW948,909757,Digestive/Gastrointestinal,Solid
GP5d,907291,Digestive/Gastrointestinal,Solid
HCC2998,905971,Digestive/Gastrointestinal,Solid
SNU-283,1659929,Digestive/Gastrointestinal,Solid
CL-11,1290769,Digestive/Gastrointestinal,Solid
HT-29,905939,Digestive/Gastrointestinal,Solid
COLO-678,910689,Digestive/Gastrointestinal,Solid
HCT-116,905936,Digestive/Gastrointestinal,Solid
HCC-56,1290907,Digestive/Gastrointestinal,Solid
SNU-1040,1659823,Digestive/Gastrointestinal,Solid
CCK-81,1240123,Digestive/Gastrointestinal,Solid
NA,NA,Digestive/Gastrointestinal,Solid
NA,NA,Digestive/Gastrointestinal,Solid
NCI-H508,908442,Digestive/Gastrointestinal,Solid
NA,NA,Digestive/Gastrointestinal,Solid
SNU-475,909739,Digestive/Gastrointestinal,Solid
huH-1,1298146,Digestive/Gastrointestinal,Solid
JHH-6,1240159,Digestive/Gastrointestinal,Solid
Hep 3B2_1-7,1240147,Digestive/Gastrointestinal,Solid
JHH-1,1298151,Digestive/Gastrointestinal,Solid
HLE,907057,Digestive/Gastrointestinal,Solid
JHH-7,1240160,Digestive/Gastrointestinal,Solid
SNU-398,1240217,Digestive/Gastrointestinal,Solid
C3A,910850,Digestive/Gastrointestinal,Solid
SNU-387,909736,Digestive/Gastrointestinal,Solid
HuH-7,907071,Digestive/Gastrointestinal,Solid
SNU-182,1240216,Digestive/Gastrointestinal,Solid
JHH-2,1240157,Digestive/Gastrointestinal,Solid
SNU-449,909738,Digestive/Gastrointestinal,Solid
JHH-4,1240158,Digestive/Gastrointestinal,Solid
SK-HEP-1,909719,Digestive/Gastrointestinal,Solid
SNU-423,909737,Digestive/Gastrointestinal,Solid
NA,NA,Digestive/Gastrointestinal,Solid
NA,NA,Digestive/Gastrointestinal,Solid
KYSE-520,753575,Digestive/Gastrointestinal,Solid
TE-12,946356,Digestive/Gastrointestinal,Solid
TE-11,946354,Digestive/Gastrointestinal,Solid
T-T,1299064,Digestive/Gastrointestinal,Solid
KYSE-70,753576,Digestive/Gastrointestinal,Solid
OE19,910079,Digestive/Gastrointestinal,Solid
TE-15,753614,Digestive/Gastrointestinal,Solid
COLO-680N,906817,Digestive/Gastrointestinal,Solid
ESO51,1503367,Digestive/Gastrointestinal,Solid
EC-GI-10,753555,Digestive/Gastrointestinal,Solid
KYSE-140,753573,Digestive/Gastrointestinal,Solid
TE-5,735784,Digestive/Gastrointestinal,Solid
NA,NA,Digestive/Gastrointestinal,Solid
TE-1,753621,Digestive/Gastrointestinal,Solid
TE-8,753623,Digestive/Gastrointestinal,Solid
KYSE-150,907317,Digestive/Gastrointestinal,Solid
KYSE-50,1298222,Digestive/Gastrointestinal,Solid
ESO26,1503366,Digestive/Gastrointestinal,Solid
TE-6,946355,Digestive/Gastrointestinal,Solid
SK-GT-4,1503365,Digestive/Gastrointestinal,Solid
KYSE-220,1240167,Digestive/Gastrointestinal,Solid
TE-4,1503371,Digestive/Gastrointestinal,Solid
FLO-1,1503361,Digestive/Gastrointestinal,Solid
OE33,910549,Digestive/Gastrointestinal,Solid
KYSE-180,907318,Digestive/Gastrointestinal,Solid
TE-10,753622,Digestive/Gastrointestinal,Solid
TE-9,946353,Digestive/Gastrointestinal,Solid
HCE-4,753559,Digestive/Gastrointestinal,Solid
KYSE-270,907319,Digestive/Gastrointestinal,Solid
KYSE-410,753574,Digestive/Gastrointestinal,Solid
KYAE-1,1503368,Digestive/Gastrointestinal,Solid
KYSE-450,907320,Digestive/Gastrointestinal,Solid
KYSE-510,907321,Digestive/Gastrointestinal,Solid
NA,NA,Digestive/Gastrointestinal,Solid
KP-4,753572,Digestive/Gastrointestinal,Solid
KP-1N,1298216,Digestive/Gastrointestinal,Solid
HPAF-II,724869,Digestive/Gastrointestinal,Solid
QGP-1,1298534,Digestive/Gastrointestinal,Solid
PL18,1240208,Digestive/Gastrointestinal,Solid
PSN1,910546,Digestive/Gastrointestinal,Solid
CAPAN-1,753624,Digestive/Gastrointestinal,Solid
HuP-T4,907286,Digestive/Gastrointestinal,Solid
PANC-02-03,1298475,Digestive/Gastrointestinal,Solid
CFPAC-1,906821,Digestive/Gastrointestinal,Solid
SW1990,910907,Digestive/Gastrointestinal,Solid
PANC-08-13,925347,Digestive/Gastrointestinal,Solid
PANC-03-27,925346,Digestive/Gastrointestinal,Solid
PA-TU-8902,1298526,Digestive/Gastrointestinal,Solid
PANC-04-03,1298476,Digestive/Gastrointestinal,Solid
KP-2,1298218,Digestive/Gastrointestinal,Solid
SU8686,1240218,Digestive/Gastrointestinal,Solid
NA,NA,Digestive/Gastrointestinal,Solid
AsPC-1,910702,Digestive/Gastrointestinal,Solid
PANC-10-05,925348,Digestive/Gastrointestinal,Solid
YAPC,909904,Digestive/Gastrointestinal,Solid
Hs766T,1298141,Digestive/Gastrointestinal,Solid
MIA-PaCa-2,724870,Digestive/Gastrointestinal,Solid
HPAC,1298136,Digestive/Gastrointestinal,Solid
MZ1-PC,753595,Digestive/Gastrointestinal,Solid
SUIT-2,1240219,Digestive/Gastrointestinal,Solid
KP-3,1298219,Digestive/Gastrointestinal,Solid
PA-TU-8988T,1240201,Digestive/Gastrointestinal,Solid
Capan-2,910915,Digestive/Gastrointestinal,Solid
HuP-T3,907285,Digestive/Gastrointestinal,Solid
DAN-G,1290797,Digestive/Gastrointestinal,Solid
BxPC-3,906693,Digestive/Gastrointestinal,Solid
PL4,1298533,Digestive/Gastrointestinal,Solid
HUTU-80,907073,Digestive/Gastrointestinal,Solid
NCI-SNU-5,908445,Digestive/Gastrointestinal,Solid
FU97,1290806,Digestive/Gastrointestinal,Solid
Hs746T,1240151,Digestive/Gastrointestinal,Solid
IM-95,1240155,Digestive/Gastrointestinal,Solid
RF-48,909697,Digestive/Gastrointestinal,Solid
OCUM-1,1298358,Digestive/Gastrointestinal,Solid
MKN28,908139,Digestive/Gastrointestinal,Solid
HSC-39,1322224,Digestive/Gastrointestinal,Solid
GCIY,906869,Digestive/Gastrointestinal,Solid
NCI-SNU-1,908444,Digestive/Gastrointestinal,Solid
NUGC-3,908455,Digestive/Gastrointestinal,Solid
MKN45,925340,Digestive/Gastrointestinal,Solid
MKN1,908138,Digestive/Gastrointestinal,Solid
AGS,906790,Digestive/Gastrointestinal,Solid
GT3TKB,907041,Digestive/Gastrointestinal,Solid
MKN7,924250,Digestive/Gastrointestinal,Solid
23132-87,910924,Digestive/Gastrointestinal,Solid
KATOIII,907276,Digestive/Gastrointestinal,Solid
ECC10,906848,Digestive/Gastrointestinal,Solid
NCI-SNU-16,908446,Digestive/Gastrointestinal,Solid
NCI-N87,908461,Digestive/Gastrointestinal,Solid
SCH,909711,Digestive/Gastrointestinal,Solid
NUGC-4,1298357,Digestive/Gastrointestinal,Solid
ECC12,906849,Digestive/Gastrointestinal,Solid
TGBC11TKB,909770,Digestive/Gastrointestinal,Solid
HGC-27,907055,Digestive/Gastrointestinal,Solid
RERF-GC-1B,1240209,Digestive/Gastrointestinal,Solid
TMK-1,1299069,Digestive/Gastrointestinal,Solid
NA,NA,Digestive/Gastrointestinal,Solid
HO-1-N-1,924111,Digestive/Gastrointestinal,Solid
SCC-25,910701,Digestive/Gastrointestinal,Solid
RPMI-2650,909700,Digestive/Gastrointestinal,Solid
KOSC-2,753570,Digestive/Gastrointestinal,Solid
OSC-20,1240196,Digestive/Gastrointestinal,Solid
SCC-15,910911,Digestive/Gastrointestinal,Solid
BHY,753535,Digestive/Gastrointestinal,Solid
Detroit562,906837,Digestive/Gastrointestinal,Solid
CAL-33,753541,Digestive/Gastrointestinal,Solid
CAL-27,910916,Digestive/Gastrointestinal,Solid
PCI-15A,1240204,Digestive/Gastrointestinal,Solid
SAS,909708,Digestive/Gastrointestinal,Solid
BICR31,1290725,Digestive/Gastrointestinal,Solid
Ca9-22,753538,Digestive/Gastrointestinal,Solid
BICR22,1240121,Digestive/Gastrointestinal,Solid
SCC-4,910904,Digestive/Gastrointestinal,Solid
OE21,1298359,Digestive/Gastrointestinal,Solid
HO-1-u-1,753561,Digestive/Gastrointestinal,Solid
SCC90,1299052,Digestive/Gastrointestinal,Solid
LB771-HNC,753583,Digestive/Gastrointestinal,Solid
NA,NA,Digestive/Gastrointestinal,Solid
JHU-029,1298156,Digestive/Gastrointestinal,Solid
HSC-2,753562,Digestive/Gastrointestinal,Solid
SCC-9,909709,Digestive/Gastrointestinal,Solid
KON,1298215,Digestive/Gastrointestinal,Solid
PE/CA-PJ15,1240207,Digestive/Gastrointestinal,Solid
NA,NA,Digestive/Gastrointestinal,Solid
HSC-3,907061,Digestive/Gastrointestinal,Solid
BB30-HNC,753531,Digestive/Gastrointestinal,Solid
HSC-4,907062,Digestive/Gastrointestinal,Solid
HN,907059,Digestive/Gastrointestinal,Solid
FADU,906863,Digestive/Gastrointestinal,Solid
DOK,910936,Digestive/Gastrointestinal,Solid
OSC-19,1298362,Digestive/Gastrointestinal,Solid
BB49-HNC,753532,Digestive/Gastrointestinal,Solid
NA,NA,Digestive/Gastrointestinal,Solid
NA,NA,Digestive/Gastrointestinal,Solid
SW13,909744,Endocrine and Neuroendocrine,Solid
ASH-3,1290722,Endocrine and Neuroendocrine,Solid
BCPAP,924104,Endocrine and Neuroendocrine,Solid
HTC-C3,924151,Endocrine and Neuroendocrine,Solid
8305C,906795,Endocrine and Neuroendocrine,Solid
RO82-W-1,930083,Endocrine and Neuroendocrine,Solid
TT2609-C02,1240223,Endocrine and Neuroendocrine,Solid
CGTH-W-1,910568,Endocrine and Neuroendocrine,Solid
IHH-4,1240154,Endocrine and Neuroendocrine,Solid
FTC-133,906864,Endocrine and Neuroendocrine,Solid
CAL-62,906828,Endocrine and Neuroendocrine,Solid
8505C,924102,Endocrine and Neuroendocrine,Solid
K2,1298160,Endocrine and Neuroendocrine,Solid
K5,924238,Endocrine and Neuroendocrine,Solid
TT,930299,Endocrine and Neuroendocrine,Solid
BHT-101,906696,Endocrine and Neuroendocrine,Solid
KMH-2,1298167,Endocrine and Neuroendocrine,Solid
NA,NA,Endocrine and Neuroendocrine,Solid
NA,NA,Genitourinary,Solid
HA7-RCC,753558,Genitourinary,Solid
A704,910920,Genitourinary,Solid
SN12C,905979,Genitourinary,Solid
769-P,910922,Genitourinary,Solid
A498,905948,Genitourinary,Solid
BB65-RCC,753533,Genitourinary,Solid
KMRC-1,1298168,Genitourinary,Solid
RCC-FG2,1524414,Genitourinary,Solid
CAL-54,910952,Genitourinary,Solid
U031,905981,Genitourinary,Solid
SW156,1240220,Genitourinary,Solid
KMRC-20,1298169,Genitourinary,Solid
LB2241-RCC,753578,Genitourinary,Solid
RCC-MF,1524419,Genitourinary,Solid
RCC10RGB,909974,Genitourinary,Solid
RCC-ER,1524417,Genitourinary,Solid
OS-RC-2,909250,Genitourinary,Solid
RCC-JF,1524415,Genitourinary,Solid
TK10,905980,Genitourinary,Solid
NCC010,1509073,Genitourinary,Solid
VMRC-RCZ,909781,Genitourinary,Solid
LB1047-RCC,753577,Genitourinary,Solid
LB996-RCC,753585,Genitourinary,Solid
RCC-JW,1524416,Genitourinary,Solid
ACHN,905950,Genitourinary,Solid
CAKI-1,905963,Genitourinary,Solid
786-0,905947,Genitourinary,Solid
RXF393,905978,Genitourinary,Solid
RCC-AB,1524418,Genitourinary,Solid
VMRC-RCW,1240224,Genitourinary,Solid
NCC021,1509074,Genitourinary,Solid
VCaP,1299075,Genitourinary,Solid
DU-145,905935,Genitourinary,Solid
PC-3,905934,Genitourinary,Solid
BPH-1,924105,Genitourinary,Solid
NA,NA,Genitourinary,Solid
LNCaP-Clone-FGC,907788,Genitourinary,Solid
22RV1,924100,Genitourinary,Solid
NCI-H660,1330975,Genitourinary,Solid
NA,NA,Genitourinary,Solid
PWR-1E,1330993,Genitourinary,Solid
NA,NA,Genitourinary,Solid
NCCIT,908441,Genitourinary,Solid
JAR,907175,Genitourinary,Solid
NA,NA,Genitourinary,Solid
NEC8,910942,Genitourinary,Solid
NA,NA,Genitourinary,Solid
NTERA-2 cl.D1,908454,Genitourinary,Solid
HT-1376,907066,Genitourinary,Solid
BFTC-909,910698,Genitourinary,Solid
T-24,724812,Genitourinary,Solid
639-V,906798,Genitourinary,Solid
UM-UC-3,724838,Genitourinary,Solid
VM-CUB-1,909780,Genitourinary,Solid
J82,753566,Genitourinary,Solid
CAL-29,1290730,Genitourinary,Solid
647-V,906797,Genitourinary,Solid
NA,NA,Genitourinary,Solid
TCCSUP,687459,Genitourinary,Solid
BFTC-905,910926,Genitourinary,Solid
KU-19-19,907312,Genitourinary,Solid
LB831-BLC,753584,Genitourinary,Solid
SW1710,909749,Genitourinary,Solid
DSH1,753552,Genitourinary,Solid
HT-1197,907065,Genitourinary,Solid
RT4,687455,Genitourinary,Solid
5637,687452,Genitourinary,Solid
SW780,687457,Genitourinary,Solid
RT-112,909704,Genitourinary,Solid
MS751,1240179,Gynecologic,Solid
Ca-Ski,906824,Gynecologic,Solid
SKG-IIIa,930298,Gynecologic,Solid
C-33-A,687505,Gynecologic,Solid
DoTc2-4510,906843,Gynecologic,Solid
NA,NA,Gynecologic,Solid
ME-180,687514,Gynecologic,Solid
NA,NA,Gynecologic,Solid
HT-3,907068,Gynecologic,Solid
C-4-I,687506,Gynecologic,Solid
SiHa,930297,Gynecologic,Solid
TC-YIK,946357,Gynecologic,Solid
HeLa,1298134,Gynecologic,Solid
SW756,724839,Gynecologic,Solid
OMC-1,949154,Gynecologic,Solid
SISO,1240212,Gynecologic,Solid
SNG-M,909735,Gynecologic,Solid
RL95-2,930082,Gynecologic,Solid
ESS-1,907000,Gynecologic,Solid
MFE-296,908130,Gynecologic,Solid
MFE-319,1240174,Gynecologic,Solid
KLE,924187,Gynecologic,Solid
MES-SA,908127,Gynecologic,Solid
MFE-280,908129,Gynecologic,Solid
AN3-CA,910781,Gynecologic,Solid
EN,1240127,Gynecologic,Solid
HEC-1,907051,Gynecologic,Solid
COLO-684,910691,Gynecologic,Solid
NA,NA,Gynecologic,Solid
NA,NA,Gynecologic,Solid
NA,NA,Gynecologic,Solid
KURAMOCHI,909975,Gynecologic,Solid
NA,NA,Gynecologic,Solid
OVCAR-4,905990,Gynecologic,Solid
TYK-nu,909774,Gynecologic,Solid
SK-OV-3,905959,Gynecologic,Solid
OVMIU,1240200,Gynecologic,Solid
JHOS-4,1480359,Gynecologic,Solid
Caov-4,949090,Gynecologic,Solid
OVCAR-3,905933,Gynecologic,Solid
OV-17R,1480361,Gynecologic,Solid
ES-2,1240128,Gynecologic,Solid
TOV-112D,1299070,Gynecologic,Solid
FU-OV-1,1240129,Gynecologic,Solid
OV-90,1240197,Gynecologic,Solid
PA-1,909255,Gynecologic,Solid
JHOS-3,1480358,Gynecologic,Solid
OAW-28,946360,Gynecologic,Solid
NA,NA,Gynecologic,Solid
OV-7,1480360,Gynecologic,Solid
OVCAR-5,905969,Gynecologic,Solid
IGROV-1,905968,Gynecologic,Solid
NA,NA,Gynecologic,Solid
KGN,924186,Gynecologic,Solid
OC-314,909257,Gynecologic,Solid
JHOS-2,1479995,Gynecologic,Solid
EFO-27,906852,Gynecologic,Solid
SW626,909753,Gynecologic,Solid
Hey,1479988,Gynecologic,Solid
DOV13,1479987,Gynecologic,Solid
OV-56,1480362,Gynecologic,Solid
OVTOKO,1298365,Gynecologic,Solid
PEO1,1480372,Gynecologic,Solid
OAW-42,910548,Gynecologic,Solid
OVCA420,1480364,Gynecologic,Solid
OVCAR-8,905991,Gynecologic,Solid
UWB1.289,1480374,Gynecologic,Solid
A2780,906804,Gynecologic,Solid
OVK-18,1480371,Gynecologic,Solid
NA,NA,Gynecologic,Solid
OVISE,1240198,Gynecologic,Solid
EFO-21,911905,Gynecologic,Solid
TOV-21G,1240222,Gynecologic,Solid
OVKATE,1240199,Gynecologic,Solid
RMG-I,909699,Gynecologic,Solid
NA,NA,Gynecologic,Solid
Caov-3,906825,Gynecologic,Solid
OVCA433,1480367,Gynecologic,Solid
NA,NA,Gynecologic,Solid
JEG-3,907176,Gynecologic,Solid
U-CH2,1503373,Gynecologic,Solid
CAL-39,924107,Gynecologic,Solid
SW954,924247,Gynecologic,Solid
SW962,909758,Gynecologic,Solid
PCI-4B,1298531,Head and Neck,Solid
NA,NA,Head and Neck,Solid
PCI-30,1298529,Head and Neck,Solid
SAT,1299050,Head and Neck,Solid
SKN-3,1299059,Head and Neck,Solid
JHU-011,1240161,Head and Neck,Solid
PCI-6A,1240206,Head and Neck,Solid
PCI-38,1240205,Head and Neck,Solid
JHU-022,1240162,Head and Neck,Solid
BICR10,1290724,Head and Neck,Solid
BICR78,1240122,Head and Neck,Solid
H3118,1240140,Head and Neck,Solid
CMK,910566,Hematologic/Blood,Non-Solid
REH,909696,Hematologic/Blood,Non-Solid
SIG-M5,909715,Hematologic/Blood,Non-Solid
SUP-T1,909743,Hematologic/Blood,Non-Solid
ALL-SIL,1295740,Hematologic/Blood,Non-Solid
RPMI-8866,910544,Hematologic/Blood,Non-Solid
KMS-12-BM,907281,Hematologic/Blood,Non-Solid
WSU-NHL,909785,Hematologic/Blood,Non-Solid
RPMI-8402,909702,Hematologic/Blood,Non-Solid
RS4-11,909703,Hematologic/Blood,Non-Solid
EoL-1-cell,906856,Hematologic/Blood,Non-Solid
THP-1,909771,Hematologic/Blood,Non-Solid
SUP-B15,1247871,Hematologic/Blood,Non-Solid
JJN-3,1327766,Hematologic/Blood,Non-Solid
SUP-HD1,1331039,Hematologic/Blood,Non-Solid
NA,NA,Hematologic/Blood,Non-Solid
OPM-2,909249,Hematologic/Blood,Non-Solid
NA,NA,Hematologic/Blood,Non-Solid
ST486,910906,Hematologic/Blood,Non-Solid
EB-3,906847,Hematologic/Blood,Non-Solid
ML-2,908141,Hematologic/Blood,Non-Solid
EJM,1297447,Hematologic/Blood,Non-Solid
A4-Fuk,910934,Hematologic/Blood,Non-Solid
MHH-PREB-1,908136,Hematologic/Blood,Non-Solid
SR,905965,Hematologic/Blood,Non-Solid
ARH-77,906765,Hematologic/Blood,Non-Solid
U-266,753615,Hematologic/Blood,Non-Solid
CCRF-CEM,905952,Hematologic/Blood,Non-Solid
VAL,1331048,Hematologic/Blood,Non-Solid
QIMR-WIL,910545,Hematologic/Blood,Non-Solid
KASUMI-1,907275,Hematologic/Blood,Non-Solid
BV-173,910710,Hematologic/Blood,Non-Solid
NCI-H929,724825,Hematologic/Blood,Non-Solid
NAMALWA,908159,Hematologic/Blood,Non-Solid
NKM-1,908448,Hematologic/Blood,Non-Solid
SU-DHL-8,1331038,Hematologic/Blood,Non-Solid
SK-MM-2,753612,Hematologic/Blood,Non-Solid
GR-ST,906877,Hematologic/Blood,Non-Solid
JiyoyeP-2003,907268,Hematologic/Blood,Non-Solid
MOLT-16,908147,Hematologic/Blood,Non-Solid
SU-DHL-5,1331036,Hematologic/Blood,Non-Solid
KOPN-8,1330933,Hematologic/Blood,Non-Solid
ATN-1,910687,Hematologic/Blood,Non-Solid
Mo-T,908149,Hematologic/Blood,Non-Solid
P12-ICHIKAWA,909251,Hematologic/Blood,Non-Solid
UACC-62,905976,Hematologic/Blood,Non-Solid
WIL2-NS,1331049,Hematologic/Blood,Non-Solid
KARPAS-422,907274,Hematologic/Blood,Non-Solid
P32-ISH,1330987,Hematologic/Blood,Non-Solid
MLMA,908142,Hematologic/Blood,Non-Solid
CA46,910703,Hematologic/Blood,Non-Solid
EHEB,906854,Hematologic/Blood,Non-Solid
LAMA-84,907783,Hematologic/Blood,Non-Solid
HAL-01,949153,Hematologic/Blood,Non-Solid
NOMO-1,908451,Hematologic/Blood,Non-Solid
SU-DHL-6,1331037,Hematologic/Blood,Non-Solid
DB,906832,Hematologic/Blood,Non-Solid
HH,907056,Hematologic/Blood,Non-Solid
MOLT-13,908146,Hematologic/Blood,Non-Solid
PL-21,1330991,Hematologic/Blood,Non-Solid
UACC-257,905977,Hematologic/Blood,Non-Solid
MHH-CALL-2,908132,Hematologic/Blood,Non-Solid
SC-1,1331030,Hematologic/Blood,Non-Solid
BALL-1,910705,Hematologic/Blood,Non-Solid
RPMI-6666,909701,Hematologic/Blood,Non-Solid
ME-1,1330942,Hematologic/Blood,Non-Solid
SKM-1,909722,Hematologic/Blood,Non-Solid
P30-OHK,909252,Hematologic/Blood,Non-Solid
DND-41,1297446,Hematologic/Blood,Non-Solid
WSU-DLCL2,1331050,Hematologic/Blood,Non-Solid
NB-4,1323913,Hematologic/Blood,Non-Solid
P31-FUJ,909253,Hematologic/Blood,Non-Solid
TUR,909773,Hematologic/Blood,Non-Solid
CTV-1,753548,Hematologic/Blood,Non-Solid
SCC-3,910930,Hematologic/Blood,Non-Solid
NA,NA,Hematologic/Blood,Non-Solid
DG-75,906838,Hematologic/Blood,Non-Solid
MONO-MAC-6,908148,Hematologic/Blood,Non-Solid
SU-DHL-4,1331035,Hematologic/Blood,Non-Solid
KM-H2,909976,Hematologic/Blood,Non-Solid
CESS,910688,Hematologic/Blood,Non-Solid
HL-60,905938,Hematologic/Blood,Non-Solid
HD-MY-Z,907050,Hematologic/Blood,Non-Solid
EB2,906846,Hematologic/Blood,Non-Solid
ALL-PO,910944,Hematologic/Blood,Non-Solid
KARPAS-620,1327775,Hematologic/Blood,Non-Solid
MC116,907799,Hematologic/Blood,Non-Solid
SUP-B8,910209,Hematologic/Blood,Non-Solid
MHH-CALL-4,908133,Hematologic/Blood,Non-Solid
BC-1,910919,Hematologic/Blood,Non-Solid
RPMI-8226,905964,Hematologic/Blood,Non-Solid
MC-CAR,683665,Hematologic/Blood,Non-Solid
CTB-1,949088,Hematologic/Blood,Non-Solid
LC4-1,907787,Hematologic/Blood,Non-Solid
IM-9,753563,Hematologic/Blood,Non-Solid
NA,NA,Hematologic/Blood,Non-Solid
DOHH-2,906842,Hematologic/Blood,Non-Solid
OCI-AML5,1330983,Hematologic/Blood,Non-Solid
LOUCY,907789,Hematologic/Blood,Non-Solid
MM1S,1659818,Hematologic/Blood,Non-Solid
SU-DHL-10,1331033,Hematologic/Blood,Non-Solid
YT,946358,Hematologic/Blood,Non-Solid
SK-MEL-28,905954,Hematologic/Blood,Non-Solid
JEKO-1,1327765,Hematologic/Blood,Non-Solid
SU-DHL-1,909742,Hematologic/Blood,Non-Solid
NA,NA,Hematologic/Blood,Non-Solid
NA,NA,Hematologic/Blood,Non-Solid
JVM-2,907269,Hematologic/Blood,Non-Solid
TK,1331045,Hematologic/Blood,Non-Solid
KARPAS-45,907272,Hematologic/Blood,Non-Solid
L-428,907322,Hematologic/Blood,Non-Solid
OCI-AML3,1290455,Hematologic/Blood,Non-Solid
Daudi,906831,Hematologic/Blood,Non-Solid
GDM-1,906870,Hematologic/Blood,Non-Solid
MOLM-16,1330948,Hematologic/Blood,Non-Solid
NA,NA,Hematologic/Blood,Non-Solid
JM1,1327768,Hematologic/Blood,Non-Solid
CML-T1,910951,Hematologic/Blood,Non-Solid
RCH-ACV,1330994,Hematologic/Blood,Non-Solid
SU-DHL-16,1331034,Hematologic/Blood,Non-Solid
GRANTA-519,1303897,Hematologic/Blood,Non-Solid
KG-1,907278,Hematologic/Blood,Non-Solid
K-562,905940,Hematologic/Blood,Non-Solid
MN-60,908143,Hematologic/Blood,Non-Solid
KARPAS-1106P,1327773,Hematologic/Blood,Non-Solid
Hs-445,1322218,Hematologic/Blood,Non-Solid
KMS-11,1659817,Hematologic/Blood,Non-Solid
OCI-LY7,1659819,Hematologic/Blood,Non-Solid
HC-1,907044,Hematologic/Blood,Non-Solid
Jurkat,998184,Hematologic/Blood,Non-Solid
CRO-AP2,906807,Hematologic/Blood,Non-Solid
HEL,907053,Hematologic/Blood,Non-Solid
OCI-M1,1330985,Hematologic/Blood,Non-Solid
NA,NA,Hematologic/Blood,Non-Solid
BL-41,910706,Hematologic/Blood,Non-Solid
Ramos-2G6-4C10,910401,Hematologic/Blood,Non-Solid
AMO-1,1295741,Hematologic/Blood,Non-Solid
KY821,907300,Hematologic/Blood,Non-Solid
MOLM-13,1330947,Hematologic/Blood,Non-Solid
BE-13,906763,Hematologic/Blood,Non-Solid
KE-37,907277,Hematologic/Blood,Non-Solid
U-698-M,909777,Hematologic/Blood,Non-Solid
Farage,1297449,Hematologic/Blood,Non-Solid
DEL,906836,Hematologic/Blood,Non-Solid
L-1236,1330935,Hematologic/Blood,Non-Solid
KARPAS-299,907273,Hematologic/Blood,Non-Solid
Raji,909262,Hematologic/Blood,Non-Solid
NU-DUL-1,1330982,Hematologic/Blood,Non-Solid
HDLM-2,924110,Hematologic/Blood,Non-Solid
L-540,907323,Hematologic/Blood,Non-Solid
SLVL,1331032,Hematologic/Blood,Non-Solid
OCI-AML2,910947,Hematologic/Blood,Non-Solid
OCI-LY-19,1330984,Hematologic/Blood,Non-Solid
JVM-3,907270,Hematologic/Blood,Non-Solid
EM-2,906855,Hematologic/Blood,Non-Solid
MV-4-11,908156,Hematologic/Blood,Non-Solid
RC-K8,1330995,Hematologic/Blood,Non-Solid
A3-KAW,910935,Hematologic/Blood,Non-Solid
KARPAS-231,1327774,Hematologic/Blood,Non-Solid
MOLT-4,905958,Hematologic/Blood,Non-Solid
RL,910861,Hematologic/Blood,Non-Solid
BONNA-12,906695,Hematologic/Blood,Non-Solid
M14,905975,Hematologic/Blood,Non-Solid
KMOE-2,907280,Hematologic/Blood,Non-Solid
ROS-50,1331025,Hematologic/Blood,Non-Solid
L-363,924239,Hematologic/Blood,Non-Solid
PF-382,909260,Hematologic/Blood,Non-Solid
NALM-6,908158,Hematologic/Blood,Non-Solid
MOLP-8,1330950,Hematologic/Blood,Non-Solid
JURL-MK1,1327771,Hematologic/Blood,Non-Solid
GA-10,1303896,Hematologic/Blood,Non-Solid
H9,907043,Hematologic/Blood,Non-Solid
JSC-1,1327769,Hematologic/Blood,Non-Solid
MEG-01,908126,Hematologic/Blood,Non-Solid
SUP-M2,1331040,Hematologic/Blood,Non-Solid
697,906800,Hematologic/Blood,Non-Solid
ML-1,1240178,Hematologic/Blood,Non-Solid
LP-1,907791,Hematologic/Blood,Non-Solid
LOXIMVI,905974,Hematologic/Blood,Non-Solid
KU812,907311,Hematologic/Blood,Non-Solid
KO52,1330932,Hematologic/Blood,Non-Solid
KCL-22,1330931,Hematologic/Blood,Non-Solid
BC-3,910918,Hematologic/Blood,Non-Solid
NA,NA,Hematologic/Blood,Non-Solid
NA,NA,Hematologic/Blood,Non-Solid
NA,NA,Hematologic/Blood,Non-Solid
NA,NA,Hematologic/Blood,Non-Solid
NA,NA,Hematologic/Blood,Non-Solid
TALL-1,909762,Hematologic/Blood,Non-Solid
NA,NA,Hematologic/Blood,Non-Solid
NA,NA,Hematologic/Blood,Non-Solid
MY-M12,1330960,Hematologic/Blood,Non-Solid
HT,907063,Hematologic/Blood,Non-Solid
NA,NA,Hematologic/Blood,Non-Solid
NA,NA,Hematologic/Blood,Non-Solid
NA,NA,Hematologic/Blood,Non-Solid
NA,NA,Hematologic/Blood,Non-Solid
NK-92MI,1330981,Hematologic/Blood,Non-Solid
HuO-3N1,909977,Musculoskeletal,Solid
ES5,684057,Musculoskeletal,Solid
NY,910849,Musculoskeletal,Solid
Saos-2,909707,Musculoskeletal,Solid
EW-3,949161,Musculoskeletal,Solid
ES3,684055,Musculoskeletal,Solid
EW-7,949160,Musculoskeletal,Solid
SK-PN-DW,909731,Musculoskeletal,Solid
G-292 Clone A141B1,1290807,Musculoskeletal,Solid
EW-22,949167,Musculoskeletal,Solid
VA-ES-BJ,688121,Musculoskeletal,Solid
EW-24,949168,Musculoskeletal,Solid
ES8,949155,Musculoskeletal,Solid
EW-11,684062,Musculoskeletal,Solid
EW-16,949165,Musculoskeletal,Solid
H-EMC-SS,907290,Musculoskeletal,Solid
A673,684052,Musculoskeletal,Solid
EW-12,949162,Musculoskeletal,Solid
CADO-ES1,753539,Musculoskeletal,Solid
CAL-72,906827,Musculoskeletal,Solid
EW-1,949163,Musculoskeletal,Solid
ES6,949157,Musculoskeletal,Solid
CHSA0108,1290768,Musculoskeletal,Solid
NOS-1,925345,Musculoskeletal,Solid
SJSA-1,909717,Musculoskeletal,Solid
U-2-OS,909776,Musculoskeletal,Solid
TC-71,1240221,Musculoskeletal,Solid
ES7,684059,Musculoskeletal,Solid
SK-ES-1,684072,Musculoskeletal,Solid
CS1,1290795,Musculoskeletal,Solid
ES1,949158,Musculoskeletal,Solid
EW-13,949166,Musculoskeletal,Solid
HuO9,907072,Musculoskeletal,Solid
NA,NA,Musculoskeletal,Solid
CHSA0011,1290767,Musculoskeletal,Solid
ES4,949156,Musculoskeletal,Solid
EW-18,949164,Musculoskeletal,Solid
MG-63,908131,Musculoskeletal,Solid
NA,NA,Musculoskeletal,Solid
HOS,907060,Musculoskeletal,Solid
NA,NA,Musculoskeletal,Solid
NA,NA,Musculoskeletal,Solid
NA,NA,Musculoskeletal,Solid
MHH-ES-1,908134,Musculoskeletal,Solid
NA,NA,Musculoskeletal,Solid
NA,NA,Musculoskeletal,Solid
NA,NA,Musculoskeletal,Solid
CHSA8926,1303912,Musculoskeletal,Solid
A204,910784,Musculoskeletal,Solid
RH-41,1240210,Musculoskeletal,Solid
SK-UT-1,909732,Musculoskeletal,Solid
GCT,906999,Musculoskeletal,Solid
RKN,1298539,Musculoskeletal,Solid
SJRH30,909716,Musculoskeletal,Solid
G-402,907298,Musculoskeletal,Solid
SW872,909756,Musculoskeletal,Solid
SK-LMS-1,909720,Musculoskeletal,Solid
RD,909264,Musculoskeletal,Solid
RH-1,971773,Musculoskeletal,Solid
SW982,909759,Musculoskeletal,Solid
SKN,1240215,Musculoskeletal,Solid
STS-0421,1299061,Musculoskeletal,Solid
SW684,909754,Musculoskeletal,Solid
TE-441-T,924248,Musculoskeletal,Solid
RH-18,971774,Musculoskeletal,Solid
KYM-1,1240166,Musculoskeletal,Solid
CAL-78,1290765,Musculoskeletal,Solid
HT-1080,907064,Musculoskeletal,Solid
G-401,907299,Musculoskeletal,Solid
MFH-ino,925343,Musculoskeletal,Solid
NA,NA,Musculoskeletal,Solid
LAN-6,949170,Neurologic,Solid
GI-ME-N,906872,Neurologic,Solid
SK-N-DZ,688086,Neurologic,Solid
CHP-126,910567,Neurologic,Solid
NB13,949177,Neurologic,Solid
SK-N-AS,724828,Neurologic,Solid
NB10,949171,Neurologic,Solid
NB17,949175,Neurologic,Solid
NB12,949172,Neurologic,Solid
KELLY,753618,Neurologic,Solid
NH-12,908447,Neurologic,Solid
NB5,949176,Neurologic,Solid
GOTO,906875,Neurologic,Solid
CHP-212,906820,Neurologic,Solid
NB7,949174,Neurologic,Solid
SIMA,753620,Neurologic,Solid
TGW,910780,Neurologic,Solid
CHP-134,910941,Neurologic,Solid
NB69,908440,Neurologic,Solid
IMR-5,907170,Neurologic,Solid
NB6,949173,Neurologic,Solid
KP-N-YN,907314,Neurologic,Solid
NB1,949179,Neurologic,Solid
NA,NA,Neurologic,Solid
SK-N-SH,717431,Neurologic,Solid
NA,NA,Neurologic,Solid
SK-N-FI,688087,Neurologic,Solid
BE2-M17,753616,Neurologic,Solid
NB14,949178,Neurologic,Solid
MHH-NB-11,908135,Neurologic,Solid
KP-N-YS,946363,Neurologic,Solid
KP-N-RT-BM-1,924189,Neurologic,Solid
MC-IXC,908118,Neurologic,Solid
NB(TU)1-10,1240181,Neurologic,Solid
201T,1287381,Respiratory,Solid
NCI-H1869,1240183,Respiratory,Solid
DMS-114,687983,Respiratory,Solid
EBC-1,753554,Respiratory,Solid
NCI-H2347,687820,Respiratory,Solid
NCI-H2170,687815,Respiratory,Solid
NCI-H2141,688014,Respiratory,Solid
NCI-H510A,753605,Respiratory,Solid
NCI-H250,924241,Respiratory,Solid
NCI-H3122,1240190,Respiratory,Solid
NCI-H358,908465,Respiratory,Solid
PC-14,753608,Respiratory,Solid
Calu-3,687777,Respiratory,Solid
LXF-289,753592,Respiratory,Solid
NCI-H2110,1298351,Respiratory,Solid
NCI-H1581,908471,Respiratory,Solid
NCI-H2196,908481,Respiratory,Solid
NCI-H727,724855,Respiratory,Solid
NCI-H1963,688010,Respiratory,Solid
NCI-H1299,724831,Respiratory,Solid
COR-L105,906805,Respiratory,Solid
HCC-44,1240145,Respiratory,Solid
NCI-H146,910899,Respiratory,Solid
HCC-78,1290908,Respiratory,Solid
HCC-15,1240143,Respiratory,Solid
IA-LM,910779,Respiratory,Solid
NCI-H838,910399,Respiratory,Solid
SBC-5,713880,Respiratory,Solid
NCI-H1693,687802,Respiratory,Solid
NCI-H2228,687816,Respiratory,Solid
RERF-LC-MS,910931,Respiratory,Solid
NCI-H2444,1298356,Respiratory,Solid
NCI-H520,908443,Respiratory,Solid
NCI-H526,688025,Respiratory,Solid
LU-135,713899,Respiratory,Solid
KNS-62,753569,Respiratory,Solid
Calu-6,724859,Respiratory,Solid
NCI-H1836,1240182,Respiratory,Solid
NCI-H1092,687997,Respiratory,Solid
NCI-H2066,1330973,Respiratory,Solid
NCI-H2009,724873,Respiratory,Solid
NCI-H1573,908472,Respiratory,Solid
NA,NA,Respiratory,Solid
NCI-H1651,910900,Respiratory,Solid
NCI-H1694,688006,Respiratory,Solid
EPLC-272H,753556,Respiratory,Solid
NCI-H2135,1298352,Respiratory,Solid
NCI-H1435,1298347,Respiratory,Solid
NCI-H2085,687812,Respiratory,Solid
COR-L311,687980,Respiratory,Solid
NCI-H378,688022,Respiratory,Solid
SK-LU-1,909721,Respiratory,Solid
NCI-H64,688026,Respiratory,Solid
NCI-H1417,688001,Respiratory,Solid
DMS-79,753551,Respiratory,Solid
LU-65,724863,Respiratory,Solid
NCI-H69,688027,Respiratory,Solid
COR-L279,910937,Respiratory,Solid
CAL-12T,753540,Respiratory,Solid
SBC-1,713885,Respiratory,Solid
NCI-H1648,687799,Respiratory,Solid
NCI-H1105,908468,Respiratory,Solid
NCI-H1734,722058,Respiratory,Solid
H3255,1247873,Respiratory,Solid
NCI-H1563,753600,Respiratory,Solid
RERF-LC-KJ,1298537,Respiratory,Solid
NA,NA,Respiratory,Solid
COR-L95,1297439,Respiratory,Solid
A549,905949,Respiratory,Solid
ABC-1,906791,Respiratory,Solid
SW1573,724878,Respiratory,Solid
RERF-LC-Sq1,1298538,Respiratory,Solid
NCI-H2342,687819,Respiratory,Solid
COR-L303,1297438,Respiratory,Solid
H2591,1240131,Respiratory,Solid
LB647-SCLC,753582,Respiratory,Solid
NCI-H596,908459,Respiratory,Solid
LU-139,713878,Respiratory,Solid
NCI-H82,688031,Respiratory,Solid
HOP-62,905972,Respiratory,Solid
NCI-H1688,1298349,Respiratory,Solid
NCI-H661,687829,Respiratory,Solid
NCI-H1568,1298348,Respiratory,Solid
IST-SL1,753564,Respiratory,Solid
NCI-H1944,1240185,Respiratory,Solid
LCLC-97TM1,946361,Respiratory,Solid
NCI-H810,925341,Respiratory,Solid
LU-99A,907796,Respiratory,Solid
COR-L321,1322213,Respiratory,Solid
LU-134-A,753588,Respiratory,Solid
NCI-H1792,724868,Respiratory,Solid
LOU-NH91,1298226,Respiratory,Solid
NCI-H1355,724866,Respiratory,Solid
CPC-N,753547,Respiratory,Solid
SBC-3,753610,Respiratory,Solid
NCI-H23,905942,Respiratory,Solid
NCI-H522,905944,Respiratory,Solid
NA,NA,Respiratory,Solid
H2595,1240132,Respiratory,Solid
UMC-11,909779,Respiratory,Solid
NCI-H835,753607,Respiratory,Solid
LU-165,753589,Respiratory,Solid
NCI-H647,1240191,Respiratory,Solid
NCI-H1436,908469,Respiratory,Solid
NCI-H2030,722045,Respiratory,Solid
NCI-H1993,908476,Respiratory,Solid
IST-SL2,753565,Respiratory,Solid
NCI-H1155,908467,Respiratory,Solid
ChaGo-K-1,687596,Respiratory,Solid
NCI-H1781,1298350,Respiratory,Solid
NCI-H1975,924244,Respiratory,Solid
NCI-H187,688007,Respiratory,Solid
NCI-H1770,687804,Respiratory,Solid
NCI-H446,688023,Respiratory,Solid
NCI-H2087,724834,Respiratory,Solid
DMS-273,687985,Respiratory,Solid
NCI-H292,753604,Respiratory,Solid
NCI-H720,687600,Respiratory,Solid
NCI-H345,688021,Respiratory,Solid
NCI-H1876,1330972,Respiratory,Solid
NCI-H2122,722046,Respiratory,Solid
NCI-H226,905941,Respiratory,Solid
SW1271,1299062,Respiratory,Solid
LC-1-sq,1298223,Respiratory,Solid
NCI-H1048,687995,Respiratory,Solid
HOP-92,905973,Respiratory,Solid
VMRC-LCD,713869,Respiratory,Solid
NCI-H1666,908473,Respiratory,Solid
MS-1,753594,Respiratory,Solid
NCI-H1650,687800,Respiratory,Solid
H2810,1240137,Respiratory,Solid
SHP-77,724872,Respiratory,Solid
NCI-H2405,687821,Respiratory,Solid
COR-L32,1322212,Respiratory,Solid
NCI-H2029,688011,Respiratory,Solid
NCI-H1341,1330964,Respiratory,Solid
NCI-H322M,905967,Respiratory,Solid
LCLC-103H,753586,Respiratory,Solid
NCI-H740,1331055,Respiratory,Solid
H2373,1290809,Respiratory,Solid
NCI-H1304,753599,Respiratory,Solid
NCI-H2172,1298353,Respiratory,Solid
HCC-827,1240146,Respiratory,Solid
NCI-H1915,1240184,Respiratory,Solid
LK-2,687787,Respiratory,Solid
H2731,1240134,Respiratory,Solid
COLO-668,910692,Respiratory,Solid
NCI-H1623,687798,Respiratory,Solid
NA,NA,Respiratory,Solid
DMS-53,907295,Respiratory,Solid
NCI-H196,1240186,Respiratory,Solid
NCI-H1838,687807,Respiratory,Solid
NCI-H2023,1240187,Respiratory,Solid
NCI-H211,1240189,Respiratory,Solid
HCC-366,1240144,Respiratory,Solid
NCI-H650,722066,Respiratory,Solid
LC-2-ad,907786,Respiratory,Solid
NCI-H841,1240192,Respiratory,Solid
NCI-H441,908460,Respiratory,Solid
EKVX,905970,Respiratory,Solid
NCI-H1395,684681,Respiratory,Solid
NCI-H748,909194,Respiratory,Solid
NCI-H1755,908475,Respiratory,Solid
COR-L88,906808,Respiratory,Solid
NCI-H1793,908463,Respiratory,Solid
SW900,724879,Respiratory,Solid
NCI-H847,1240193,Respiratory,Solid
NCI-H1703,908474,Respiratory,Solid
NCI-H2227,688018,Respiratory,Solid
A427,910851,Respiratory,Solid
NCI-H209,688013,Respiratory,Solid
NCI-H524,908483,Respiratory,Solid
SK-MES-1,909728,Respiratory,Solid
NCI-H2291,724874,Respiratory,Solid
BEN,753534,Respiratory,Solid
NCI-H128,753597,Respiratory,Solid
NCI-H2081,908480,Respiratory,Solid
NA,NA,Respiratory,Solid
NA,NA,Respiratory,Solid
HCC-33,1303901,Respiratory,Solid
NA,NA,Respiratory,Solid
NA,NA,Respiratory,Solid
NA,NA,Respiratory,Solid
NA,NA,Respiratory,Solid
NA,NA,Respiratory,Solid
NA,NA,Respiratory,Solid
NCI-H460,905943,Respiratory,Solid
NA,NA,Respiratory,Solid
NA,NA,Respiratory,Solid
NA,NA,Respiratory,Solid
NCI-H2171,688015,Respiratory,Solid
PC-3 [JPC-3],1240202,Respiratory,Solid
NA,NA,Respiratory,Solid
NA,NA,Respiratory,Solid
NA,NA,Respiratory,Solid
COR-L23,687780,Respiratory,Solid
NCI-H1437,687794,Respiratory,Solid
NA,NA,Respiratory,Solid
NA,NA,Respiratory,Solid
RERF-LC-FM,930081,Respiratory,Solid
H2869,1240138,Respiratory,Solid
H290,1240139,Respiratory,Solid
NCI-H2452,908462,Respiratory,Solid
H513,1240141,Respiratory,Solid
H2461,1290810,Respiratory,Solid
H2795,1290813,Respiratory,Solid
H2803,1240135,Respiratory,Solid
H2722,1290812,Respiratory,Solid
H2369,1290808,Respiratory,Solid
MPP-89,908150,Respiratory,Solid
H2804,1240136,Respiratory,Solid
MSTO-211H,908152,Respiratory,Solid
H2818,1290814,Respiratory,Solid
IST-MES1,907173,Respiratory,Solid
NCI-H2052,688058,Respiratory,Solid
NCI-H28,908470,Respiratory,Solid
NA,NA,Respiratory,Solid
MEL-JUSO,908125,Skin,Solid
MZ7-mel,753596,Skin,Solid
CP66-MEL,753546,Skin,Solid
RVH-421,909706,Skin,Solid
LB2518-MEL,753579,Skin,Solid
COLO-800,906813,Skin,Solid
RPMI-7951,910903,Skin,Solid
WM35,1299080,Skin,Solid
WM-115,909784,Skin,Solid
COLO-792,906814,Skin,Solid
G-361,906865,Skin,Solid
SK-MEL-24,909725,Skin,Solid
Mewo,908128,Skin,Solid
A431,910925,Skin,Solid
A253,906794,Skin,Solid
Hs940-T,1298145,Skin,Solid
LB373-MEL-D,753581,Skin,Solid
G-MEL,1240130,Skin,Solid
SK-MEL-5,905956,Skin,Solid
HT-144,907067,Skin,Solid
IGR-37,1240153,Skin,Solid
A101D,910921,Skin,Solid
SK-MEL-31,909727,Skin,Solid
MMAC-SF,925339,Skin,Solid
SK-MEL-30,909726,Skin,Solid
CHL-1,910853,Skin,Solid
MEL-HO,908124,Skin,Solid
WM1552C,1299078,Skin,Solid
A2058,906792,Skin,Solid
SK-MEL-2,905955,Skin,Solid
SK-MEL-3,909724,Skin,Solid
NA,NA,Skin,Solid
IGR-1,907169,Skin,Solid
NA,NA,Skin,Solid
SK-MEL-1,909723,Skin,Solid
DJM-1,906841,Skin,Solid
NA,NA,Skin,Solid
CP50-MEL-B,753545,Skin,Solid
COLO-829,687448,Skin,Solid
NA,NA,Skin,Solid
NA,NA,Skin,Solid
C32,906830,Skin,Solid
MZ2-MEL,971777,Skin,Solid
NA,NA,Skin,Solid
COLO-679,906818,Skin,Solid
GAK,910932,Skin,Solid
IST-MEL1,907172,Skin,Solid
HMV-II,907058,Skin,Solid
A375,906793,Skin,Solid
451Lu,1287706,Skin,Solid
SH-4,909713,Skin,Solid
WM278,1240226,Skin,Solid
COLO-783,1240125,Skin,Solid
IPC-298,907171,Skin,Solid
A388,910697,Skin,Solid
NA,NA,Skin,Solid
NA,NA,Skin,Solid
Hs939-T,1298144,Skin,Solid
NA,NA,Skin,Solid
WM793B,1299081,Skin,Solid
NA,NA,Skin,Solid
VMRC-MELG,930301,Skin,Solid
NA,NA,Skin,Solid
NA,NA,Skin,Solid
NA,NA,Skin,Solid
NA,NA,Skin,Solid
NA,NA,Skin,Solid
NA,NA,Skin,Solid
NA,NA,Skin,Solid
CP67-MEL,949092,Skin,Solid
Hs633T,1240149,Unknown,Unkown
NA,NA,Unknown,